{"hyper_params": {"dtw_inertia": false, "init": "k-means++", "max_iter": 50, "max_iter_barycenter": 100, "metric": "dtw", "metric_params": null, "n_clusters": 15, "n_init": 1, "n_jobs": null, "random_state": null, "tol": 1e-06, "verbose": 0}, "model_params": {"cluster_centers_": [[[0.9840670419665455], [1.0], [1.0], [1.0], [1.0], [1.0], [1.0], [1.0], [1.0], [1.0], [1.0], [1.0], [1.0], [1.0], [1.0000000000000002], [1.0], [1.0], [1.0000000000000002], [0.9999999999999996], [1.0000000000000002], [0.9994764327334444], [0.9998401975182093], [1.0018562945813136], [1.0009749402797676]], [[1.00390625], [1.0], [1.0], [1.0], [1.0], [1.0], [1.0], [1.0], [1.0], [1.0], [0.9999999999999997], [1.030937394437324], [2.0118760355692413], [2.0823970037453186], [1.0113636363636362], [0.9999999999999993], [0.9999999999999968], [0.9999999999999998], [0.9999999999999999], [1.0], [0.9999999999999999], [1.0], [1.0], [1.00390625]], [[2.018375507409129], [2.0226669510081785], [2.0226669510081785], [2.0226669510081785], [2.026692177868119], [2.249412006299335], [2.012131335855897], [1.9975498092766746], [1.897064052084168], [1.6227236930406848], [1.4225971005070257], [1.1836904970595652], [1.0232547618341938], [1.0034854547689007], [1.0169524928280498], [1.0169524928280498], [1.0169524928280498], [1.0099347246357173], [1.02979176050132], [1.1672835864790048], [1.418415584124107], [1.6009307522848288], [1.8420944919884434], [2.0020916337115895]], [[1.0579710894305925], [1.1140570600876767], [1.0005081259620032], [1.060721373599244], [1.304498238260765], [1.7716483753063796], [1.972179475915612], [1.9908450195556258], [2.026872207442065], [1.9841432873842493], [1.9841432873842493], [1.9841432873842495], [1.9841432873842486], [1.9841432873842493], [1.9841432873842475], [1.9841432873842475], [1.9841432873842464], [1.9841432873842448], [1.9841432873842468], [1.9841432873842475], [1.9841432873842524], [1.986303657199601], [1.9676661664025303], [2.019207988017549]], [[1.9995444064889747], [1.9777588611470704], [1.9604235916212756], [1.9780783724799733], [2.036210211191391], [1.726826391569791], [1.2601589368708919], [1.0143392193394014], [0.9991342676808734], [0.9995313403473624], [0.9995313403473619], [0.9995313403473622], [0.9995313403473622], [0.9995313403473619], [0.9995313403473616], [0.9995313403473617], [0.9995313403473616], [0.9995313403473619], [0.9995313403473617], [0.9995313403473619], [0.9996621865343793], [1.0211344661862842], [1.0004188129819174], [0.9916859774152853]], [[0.959971819840755], [1.0211407567765864], [1.1815828906024108], [1.393384122274475], [1.6772612552910267], [1.996522836225467], [1.7554759897332533], [1.7546491572133949], [1.624823361365632], [1.4060812563546854], [1.086913520148309], [1.2875429028637793], [1.471097066458157], [1.5947146242046955], [1.6277717596581973], [1.7567398058232007], [1.7602336979905946], [1.755371434362037], [1.755371434362037], [1.755371434362037], [1.7570954020099776], [1.8705633968810043], [1.8702896925429606], [2.007150264149357]], [[3.0], [3.0], [3.0], [3.0], [3.0], [3.0], [3.0], [3.0], [3.0], [3.0], [3.0], [3.0], [3.0], [3.0], [3.0], [3.0], [3.0], [3.000000000000001], [2.999999999999999], [2.9343612216544885], [2.4054935867524025], [2.9293390379659145], [3.0102875317913753], [3.041542623124732]], [[2.260916275731983], [1.9622600457881458], [1.8225793167700832], [1.8016718800965406], [1.6322774319582163], [1.4427288421221052], [1.097752227214182], [1.4346880812159963], [1.6030690675965085], [1.606438731733014], [1.6043195057249882], [1.6043350244981784], [1.6043350244981784], [1.63077949347343], [1.8431587887126042], [1.9200521435780786], [1.930460631750463], [2.271106724004992], [1.967214548546], [1.9047443395124117], [1.8236470357197332], [1.5977736473847683], [1.344728204711863], [1.024932503966383]], [[0.9151274968391293], [1.001397837246174], [1.0052850452613682], [1.0048982891550897], [1.004898293730969], [1.0048984688683618], [1.0048979839231162], [1.0048977323831603], [1.0056084408727017], [1.0046191462071838], [1.0830164457933635], [1.3491694616719714], [1.5751481748233829], [1.8230356744686238], [1.9726371197055401], [1.9233348553017666], [1.878464534787671], [1.6345058603932618], [1.343168400153664], [1.4508286864397262], [1.3712040861745831], [1.1067219490417255], [1.0022674349811393], [0.9707390723452944]], [[1.0946262430790465], [0.49999999999999933], [0.49999999999999917], [0.5000000000000016], [0.4999999999999994], [6.291263806209218e-16], [6.291263806209218e-16], [6.291263806209218e-16], [6.291263806209218e-16], [6.291263806209218e-16], [6.291263806209218e-16], [6.291263806209218e-16], [6.291263806209218e-16], [6.291263806209218e-16], [6.291263806209218e-16], [6.291263806209218e-16], [6.291263806209218e-16], [6.291263806209218e-16], [6.291263806209218e-16], [6.291263806209218e-16], [6.291263806209218e-16], [6.291263806209218e-16], [6.291263806209218e-16], [-0.5999999999999964]], [[1.6957644732229549], [1.9875834110612276], [1.954677888946754], [1.954677888946754], [1.954677888946754], [1.954677888946754], [1.9505169603391257], [1.894500581557454], [1.7091040634804702], [1.264450256317493], [1.5219913561657417], [1.838741581485659], [2.187554684596816], [2.546468423304898], [2.8076978050492314], [2.9203419232751573], [2.9479447595373887], [2.9479447595373887], [2.9479447595373887], [2.9479447595373887], [2.9270514869179554], [2.866584722632762], [2.843860513576235], [2.4556585388726826]], [[1.0000000000000009], [1.0], [1.0], [1.0000000000000002], [1.0000000000000002], [1.0], [1.0], [1.0000000000000002], [1.0000000000000016], [1.0000000000000004], [1.0], [1.0000000000000002], [0.9999999999999996], [1.0000000000000004], [1.0000000000000022], [1.0], [1.0], [-3.0000000000000147], [-0.1664809116443579], [1.4378111444589257], [2.2078237916240107], [2.6246721166693447], [2.995574349256607], [3.334553967624996]], [[2.8317062909987056], [2.9885840056640887], [2.9851778106698976], [2.9930238312648125], [2.8882967105781727], [2.328917859407987], [1.7561843162791162], [1.2140449975701548], [1.0160892822817036], [0.9981710802015817], [1.0040343935950289], [1.0040343935950293], [1.004034393595029], [1.004034393595029], [1.0040343935950293], [1.0040343935950289], [1.0040343935950287], [1.0040343935950287], [1.0040343935950289], [1.0040343935950287], [1.0050254475182372], [1.0534064499338813], [1.463180650148903], [1.126206001298485]], [[0.9932746613110238], [0.9938322056823177], [0.9938322056823177], [0.9938322056823178], [0.9938322056823177], [0.9938322056823177], [0.9938322056823177], [0.9938322056823177], [0.9938322056823177], [0.9938322056823177], [0.9938322056823177], [0.9938322056823177], [0.9938322056823178], [0.9938322056823178], [0.9938322056823167], [1.0018419375031113], [1.1121248536875523], [1.6637586039588996], [2.446560019401694], [2.9296741450501607], [2.951432402165526], [2.997177968955282], [2.9790964070573813], [2.5392949163555723]], [[0.9848241417714161], [1.163004790614046], [1.2639626297937492], [1.2441693538837253], [1.337319965976997], [1.3663769628508675], [1.5818273573033603], [1.778364383305748], [2.0470163060667574], [2.393965842417827], [2.563482056693143], [2.748665611336908], [2.893556674468808], [2.7884713742647365], [2.7884713742647365], [2.797267549882099], [2.538177285990533], [2.1710458512374067], [1.916483576438356], [1.910732894023786], [1.9088640972276045], [1.9017770378207863], [1.5595738418751441], [1.0688639309978059]]], "inertia_": 0.17558116059202267,