{"hyper_params": {"dtw_inertia": false, "init": "k-means++", "max_iter": 50, "max_iter_barycenter": 100, "metric": "dtw", "metric_params": null, "n_clusters": 15, "n_init": 1, "n_jobs": null, "random_state": null, "tol": 1e-06, "verbose": 0}, "model_params": {"cluster_centers_": [[[87.63647499033497], [81.12618406291637], [77.89679458650116], [77.06695025429133], [74.98673807474286], [70.08055826284676], [64.31669473780764], [58.072960777868275], [53.142144164880406], [51.06888096780633], [48.07633844624801], [43.164178329537116], [48.21027347244192], [51.53914138153235], [55.710637233022894], [60.22794436271342], [64.96872750698002], [68.69512724864052], [72.29886766356483], [73.26310058710764], [73.61721652618775], [76.41917821133087], [79.94933775526069], [86.09196158030481]], [[64.2314166230243], [58.6293742818378], [55.68857231658047], [53.723317186014405], [53.63456873744945], [53.63471797044247], [52.830596484147954], [50.541205567698405], [45.92011292228176], [50.3082129032154], [52.63767636904572], [53.816830363265844], [54.60169673080425], [54.59740712223544], [54.601818511551436], [54.71237038041217], [56.50404691549282], [55.17715492553189], [55.164356496779334], [55.152456948783936], [55.15805767103276], [55.2653832522019], [54.385047373735055], [60.711416396456315]], [[60.10678131327439], [53.25818668628973], [49.65760469628836], [46.83298422976165], [44.49163965417811], [43.10200905201783], [42.33164602038438], [40.518386534931885], [39.91393859748973], [39.9129297693631], [39.9129297693631], [39.9129297693631], [39.9129297693631], [39.90503630400415], [38.83638625971614], [36.159950482056544], [31.165417100625604], [35.941782861137], [38.290905530491514], [39.35899013450348], [39.24077393590093], [40.403938216421984], [42.532553442458344], [47.0338484583525]], [[83.30273548824616], [75.18148934693842], [70.72607385093], [65.48932894937647], [59.36060317883349], [52.19729971842233], [45.55796624087555], [40.34883796262956], [36.90646612540359], [35.572176861476706], [33.33827645582959], [27.487973876901627], [33.34954175419203], [35.96512359267742], [36.120663186357284], [36.12226895257636], [36.14759276615594], [37.79242170316179], [39.412985253700306], [40.402730206267044], [41.43943436095533], [43.74564828455081], [47.70418725310323], [54.390218837864225]], [[90.62021789106244], [85.02785169550414], [81.24752815244246], [77.0877660187249], [74.84216154694622], [74.02594862639177], [69.87548058671233], [68.46905002554247], [65.11219288816162], [61.75590635206199], [57.11251036576481], [61.337788192777744], [63.99539200596745], [66.11913030182833], [67.88584250932936], [68.43120248884556], [69.61787169897227], [71.9869152679899], [72.86781394067094], [74.20495430821063], [77.34080276844526], [80.09049152891501], [82.96163168521433], [88.5388165919189]], [[82.1481073599995], [75.13567316278926], [70.54562382515289], [65.4627328711424], [59.9319251067584], [53.67828546696086], [48.683628820834876], [48.004096925970856], [48.004096925970856], [48.00275891603277], [47.21071520038406], [44.34079239659207], [41.196347226472355], [35.799470011450936], [41.0482640622929], [44.44803093436633], [48.38670851733365], [52.4530030495542], [56.53775072805098], [60.4366177886787], [64.29531147010078], [67.57056822860285], [70.1338311555016], [74.71738011658258]], [[85.6795679301753], [78.17815694363289], [74.44668608291299], [72.14190500090791], [70.70921948430608], [70.6137532976622], [70.61516433110725], [70.61516433110725], [70.61029023274207], [70.59926378569111], [70.61549680723037], [70.6743731105782], [70.61754551371435], [70.61353282135724], [70.48084914406087], [68.74958796597171], [68.12916188285068], [66.93230803743398], [64.26337657813144], [58.537429994865875], [63.39458009319582], [65.23467479734289], [67.11027568221913], [71.18375849585296]], [[57.19060055089488], [51.233452875215825], [48.2200020078343], [47.11365045561454], [47.12805804620088], [46.95915374559664], [44.46723790007293], [43.76854726662424], [43.76230716174868], [43.74914802655624], [42.57121288652797], [39.137985019967296], [33.08372181869363], [38.55006919763153], [41.96396928175481], [44.45781956091157], [46.16037191366779], [49.60010387658441], [53.40759090018039], [57.97829377075186], [63.3884001676841], [67.90234241568442], [72.11296643593725], [78.73117818969469]], [[68.6034192789984], [62.98249321662185], [60.04233100845512], [58.28979718761598], [58.01229642361067], [57.15610365051167], [55.129415656573606], [50.16757468090476], [55.39753377666252], [58.06849918797512], [58.820238409111006], [58.78261146114161], [58.77514054253485], [58.78215875320395], [58.86002171983817], [60.92368095693468], [63.05492429397687], [65.19744333055901], [67.08063076420238], [69.2475575406053], [70.8187986882587], [72.78316947827508], [76.16389969157719], [83.20466083169518]], [[70.56288799424705], [74.6519388033878], [75.1867435763586], [77.73420057532498], [73.71187991609695], [71.61989201551683], [69.36192846151631], [64.20560872545137], [68.89259494485617], [71.06934946310301], [72.35674021463416], [73.54452050662614], [73.55884526111984], [73.56006719712052], [73.56419175387795], [73.56419175387795], [73.56419175387795], [73.56419175387795], [73.5607143747063], [73.60732842059166], [74.96350807845984], [77.4465163527598], [82.34932835803765], [78.54595738020598]], [[90.13100150806369], [91.6067179757027], [87.59229125197028], [85.8981923491421], [85.845315930852], [86.06778134810571], [85.30403469544653], [85.30314455134754], [85.30332180278886], [84.62340514554624], [84.07686102736879], [82.49471619568524], [80.67249735426726], [77.01362733436864], [70.6523729220824], [75.94150885201982], [78.91732767535828], [80.74244585013177], [81.77065955176491], [81.78103668525256], [81.75118688884328], [82.477998080365], [85.03684557900627], [90.1685286952765]], [[86.82429563295716], [80.88079331577276], [75.86642455777084], [71.65807794113658], [66.58176425488378], [61.65558540434119], [58.438780831630915], [54.305704948827874], [51.15793038448181], [50.21875487069634], [50.20854247999992], [50.14220791580815], [48.55163074855198], [43.74126969026521], [48.134036693741635], [49.95974653360965], [50.552817595291664], [50.552817595291664], [50.552817595291664], [50.553732090139604], [50.55829693226889], [51.65125327286802], [54.31864383045003], [59.62951824711905]], [[45.41565397142848], [39.18847654234792], [35.62560791489536], [33.42437448112034], [33.149947608734564], [33.14577812337961], [33.14577812337961], [33.14577812337961], [32.601230051063055], [31.5074444371413], [30.43576704686781], [30.162502320402886], [30.162502320402886], [30.16270716498703], [30.106372355027137], [28.872500472158304], [26.73488691124119], [22.507228826130202], [26.555433454948254], [28.36485654523404], [29.534094636407882], [30.644483151938275], [33.066328059336975], [38.21211696818364]], [[65.11556127666341], [59.11698373249603], [55.31444798713569], [52.62982053763585], [48.42763325488002], [44.1874976402632], [40.06977702321817], [37.9028064799203], [36.563932659027756], [34.21554841929113], [30.438425563518734], [34.38000591858624], [36.73892660920859], [37.24244895184107], [37.27907840833462], [39.24160090486995], [42.4176058695041], [43.336502794508235], [46.38168387234738], [48.28813276171595], [50.77137364345305], [53.422032464329845], [56.57601753328214], [62.33715685768761]], [[42.79100085885334], [37.81631373710868], [35.279889446044066], [34.31850647699711], [34.10491935717291], [32.00528015349978], [27.732765182427638], [32.50542520180738], [34.85159520957825], [35.864090628550294], [35.864090628550294], [35.864090628550294], [35.864090628550294], [35.864090628550294], [35.878253420792234], [37.23708366415034], [38.609816182999815], [40.59712925660846], [41.98281566141677], [42.2408713585535], [44.227734423365035], [45.94891922163421], [50.420569444402005], [58.046110220476095]]], "inertia_": 227.02348532115593,