{"hyper_params": {"dtw_inertia": false, "init": "k-means++", "max_iter": 50, "max_iter_barycenter": 100, "metric": "dtw", "metric_params": null, "n_clusters": 15, "n_init": 1, "n_jobs": null, "random_state": null, "tol": 1e-06, "verbose": 0}, "model_params": {"cluster_centers_": [[[75.33005424007581], [77.99728418331274], [79.53187498163375], [80.47537589761878], [81.373366251559], [81.85834847188724], [81.87916661901872], [81.87916661901872], [81.95755863230735], [82.73930900892648], [83.96354376373829], [86.31551185992713], [83.89610461563717], [82.65824280578926], [82.13936609152644], [81.69631156610532], [81.66394242408002], [81.66394242408002], [81.66394242408002], [81.39026661349938], [80.63525199391928], [79.613748363909], [78.05652100242413], [75.33608776751694]], [[52.75534708415678], [51.473027088153586], [53.86179379209032], [54.99843813585708], [55.258120668385544], [55.26053277166378], [55.26053277166378], [55.26406635449815], [55.26467577785068], [55.73674631155316], [57.02157808345109], [59.716174789398174], [56.6502567107884], [55.12852098697226], [54.15861718889961], [53.990473870702495], [53.990473870702495], [53.99023665765488], [53.98777667791778], [53.642394172865366], [53.0923236322823], [51.85671522527509], [50.09957941548407], [45.825699363354744]], [[61.79825503955606], [60.97018735081297], [63.31112391300563], [64.60917872325442], [65.33943628476834], [65.46635061058132], [66.08139161618841], [66.08016655810167], [66.18135616732681], [66.61295464835], [68.00193737359983], [70.85097466067147], [67.94576525877578], [66.35282738293601], [65.5858272857914], [65.39165618472366], [65.39154062747245], [65.39330638733206], [65.3964105186261], [65.37603662853583], [64.76113171523085], [63.80962211079254], [62.27193117382704], [59.427013375835266]], [[32.979082771490525], [36.507221155669015], [38.2066956302018], [38.74565780475752], [39.024181410319805], [40.31793685315221], [42.16288310461972], [45.337106442715296], [49.14530498137563], [52.43354868932962], [54.7926800671763], [58.58664054968671], [55.19650149453828], [53.35193489491885], [52.11045415863692], [51.92822955725003], [51.9282231378692], [51.9282231378692], [51.9282231378692], [51.85189855053673], [50.623779149817075], [48.916310614791584], [45.946153119304185], [41.03480193243745]], [[53.35076072733193], [56.77125621868754], [58.55631040210478], [59.10301568539533], [61.02911618393477], [63.76612391434732], [66.96835817441318], [69.82874694467168], [71.378861990158], [72.22088141015675], [74.17552375818161], [77.27463644668475], [74.36234080146971], [72.53069629453502], [70.9184499201632], [69.94137760520213], [69.9199648745232], [68.82231030794038], [67.70525672590277], [67.6976353060955], [66.93669000738522], [65.36897289295212], [63.10339420265627], [59.68875319618929]], [[54.66862593845562], [57.512732396473936], [58.807835620756286], [59.41256958215978], [59.40200052369907], [59.39017830182956], [59.37412376419408], [59.37148665585656], [59.3698068283945], [59.368062909685456], [59.62458468408619], [60.977231177035534], [63.5204491915054], [60.78612957184789], [59.40579999363926], [58.73686840005372], [58.50368397440887], [58.50199415536316], [58.50320263231515], [58.174265316387746], [57.29743319815327], [56.15851156514201], [53.874317727782376], [54.378200133770605]], [[43.54323946418067], [40.12306488447055], [38.902724828542254], [40.535197105171854], [41.04162787897741], [41.1116252130057], [41.112019698004204], [41.112019698004204], [41.11968454171959], [41.50649287344778], [42.46724383092447], [45.270380072322496], [42.69687321227234], [41.84092080495861], [41.76905715483986], [41.77165345855964], [41.77957782345565], [41.79029134405835], [41.812404507547285], [41.81969938569637], [41.49511430872597], [40.304731257429864], [36.73202350284866], [37.96266375281971]], [[29.647246795260873], [33.34097162504044], [33.047890882928584], [36.02148416899713], [33.71729299605245], [33.657911854969335], [33.657911854969335], [33.657911854969335], [33.657911854969335], [33.657911854969335], [33.57048810494159], [33.79262814252079], [35.528938470327276], [39.496919749371244], [36.103840766929835], [34.85881562072257], [34.728228991876804], [34.79740544350896], [34.80094978369772], [34.84148382913416], [34.67710471755386], [34.19204574978282], [32.470353683309284], [28.40531872724374]], [[65.74916878706333], [69.00474110041424], [70.5022190952147], [72.09794915677809], [73.28042924789206], [75.21233100799505], [77.83947628231586], [79.45529181381038], [81.54137565556886], [81.74501988211863], [81.89249020679682], [83.78343060809568], [85.44735778571233], [87.97837031028125], [85.22033545393188], [83.44552403674929], [81.83886126526967], [80.1558392576551], [78.79191574662273], [77.72820436279589], [77.33980719569215], [76.74691486117514], [75.04297590728758], [72.01008708327734]], [[41.74061666777367], [45.86957316616621], [48.27266665716039], [50.52257547694395], [52.78207529627545], [55.18588649989021], [55.5651681862792], [56.20808128960113], [56.68952729583614], [58.701249520555145], [60.76230141260835], [64.50351782970682], [60.86665191985996], [59.10580182226849], [58.32408837319764], [57.607036392661314], [57.52023642035079], [57.52090496083055], [57.523251333486456], [57.51957465123457], [57.02178909645849], [55.911654441055276], [54.30864886377135], [51.27264951457359]], [[61.293433794227404], [64.70432108124865], [66.52122448237817], [67.77568563443269], [67.83876089399158], [67.83719734765293], [67.93649988516036], [69.0349555727084], [70.87867966263097], [72.6436913622858], [74.48511418120512], [76.93868398008331], [80.54469824179272], [77.20275513287713], [75.27024793679473], [73.81599917592163], [72.563995365026], [71.16574907347741], [71.1128051114309], [71.09592781384818], [70.43964931340835], [69.22060643511219], [67.63639472496487], [64.88704736010934]], [[69.78963209370306], [72.23633158197536], [73.7799988777177], [74.52794767936203], [75.53841572871487], [75.59408262758302], [75.59408262758302], [75.65136612110827], [76.62033505079417], [77.86220258366724], [79.5347433447818], [82.55062821227506], [79.73849613497153], [77.9839807826171], [76.63484414211999], [75.84017471437792], [75.30255282018508], [74.6357186507207], [73.60079096833941], [73.14044316624107], [72.80189196420729], [72.28492107412238], [70.90341805144233], [67.74357625499997]], [[74.3767742045845], [78.45130421522879], [80.52592056396973], [81.15195446240466], [82.01147835202985], [84.01001276915093], [85.78386932715995], [87.83122605087995], [89.18916183073466], [89.71899523625626], [90.75983264940588], [94.23374511156322], [90.97060171870484], [89.58660116577217], [88.99196800803458], [88.12848193904306], [86.8730157713781], [85.46401802330287], [85.28898911934012], [84.27109290681486], [83.42427523389718], [82.44313638968345], [81.020768870514], [78.11503675961207]], [[44.722433522971166], [43.38406344274913], [46.56389882227952], [48.01381828722343], [49.00718266943365], [49.021157641106015], [49.0210075082414], [49.02111913759301], [49.78977484912727], [50.71173057223434], [52.63193629230623], [56.37260193052775], [52.93337181968437], [51.07811698168068], [49.785088778577446], [49.30321153469996], [49.26700637647342], [49.291367552477915], [49.309197618986595], [49.38920354779547], [49.266448151809385], [48.130050805884125], [45.95887235671757], [42.30167635342738]], [[50.88984204935376], [54.00968218901684], [55.76307908583222], [57.45305358399765], [58.73275711311972], [60.58401473657261], [62.75853424974168], [64.63760799268866], [65.22589447750114], [65.24900761027078], [66.50977339648085], [69.55164533143834], [66.67145793751334], [65.16267366469812], [64.93984620228693], [64.938790093949], [64.66594558115804], [63.45812302422421], [63.305907599966176], [63.229386174193884], [62.491243613213086], [61.51768623251515], [59.65515203131331], [56.26856664671126]]], "inertia_": 74.23055429022614,