{"hyper_params": {"dtw_inertia": false, "init": "k-means++", "max_iter": 50, "max_iter_barycenter": 100, "metric": "dtw", "metric_params": null, "n_clusters": 15, "n_init": 1, "n_jobs": null, "random_state": null, "tol": 1e-06, "verbose": 0}, "model_params": {"cluster_centers_": [[[43.19060141753861], [45.344147401189375], [46.69578073852325], [47.739348258007475], [48.790581753541105], [50.44429652187354], [48.93770727518537], [48.5444467440282], [48.53661876577909], [48.53424311399958], [48.46093843009109], [48.5449524426539], [48.5449524426539], [48.5449524426539], [48.5449524426539], [48.5449524426539], [48.5449524426539], [48.5449524426539], [48.5449524426539], [48.55872279618188], [49.32351861383759], [48.91280828954277], [48.2330915003352], [46.37508494699739]], [[51.08526365108515], [53.25314470584543], [54.387072128805514], [55.178568115875585], [55.88204839413857], [56.11035665824942], [55.93390844236698], [55.92226525344133], [55.937172189637074], [55.937172189637074], [55.937172189637074], [55.93803633503429], [55.72595130878028], [55.95635692690905], [56.323198976209994], [57.086168189914], [58.48307372014487], [57.29204301958112], [57.05518265706974], [57.05457603468211], [57.057852414687716], [56.978246359842856], [56.04864897360275], [58.41189204825939]], [[42.246773021764525], [38.57762010873544], [39.65621204706249], [40.55315897373427], [39.09756511775281], [38.351556099609674], [38.2052473750733], [38.24704369789591], [38.249760174098576], [38.25051814322894], [38.24933343453679], [38.24933343453679], [38.24933343453679], [38.24933343453679], [38.24933343453679], [38.24933343453679], [38.2531179202749], [38.282477354458806], [38.23784073514277], [37.75999889955721], [36.91817977680176], [35.68050498552971], [33.237726310892874], [37.448647044692095]], [[32.21561823757464], [31.617121508752316], [30.352683714683884], [33.087324902518276], [34.06956978198765], [34.87283253915673], [35.26040771982493], [35.34813140310951], [35.052818168151056], [35.458599429599005], [35.45934166227714], [35.45544979871569], [35.45544979871569], [35.45544979871569], [35.45544979871569], [35.45544979871569], [35.43524691682162], [35.58631769170681], [36.173607086558086], [37.22401189870535], [38.32613890862663], [41.043225502855115], [39.18127572475463], [36.69931568255084]], [[61.147571111876495], [63.14780079943459], [64.95581327071595], [64.01125357581383], [63.807716794342504], [63.798006731820905], [63.798006731820905], [63.798006731820905], [63.798006731820905], [63.798006731820905], [63.80363846825038], [63.66365790779531], [62.520237974479905], [63.65249176610774], [63.85662068285902], [63.8760326361921], [63.8760326361921], [63.8760326361921], [64.00356324662422], [64.23465416248055], [64.99882694879723], [66.43422126737687], [65.41316104247805], [64.12261103243722]], [[56.28846699335094], [57.669414421709476], [58.8769636466943], [56.89315711397761], [56.014744581026584], [55.716372919751386], [55.70901143972262], [55.694735858110874], [55.73551336533638], [55.67932114625714], [55.19209239014581], [55.03922764459296], [55.03682132621976], [54.66004424116505], [55.04247388106963], [55.04324422073222], [55.054971769937154], [55.44768059949103], [55.0153192673963], [54.80948132703571], [54.06390550332974], [52.62620099511633], [53.652701543501905], [50.48383992833816]], [[36.906129252311565], [39.44965478368628], [40.76526154775616], [41.62173163488035], [42.20275754806774], [42.353945410993894], [42.349625066507734], [42.34893878497495], [42.34893878497495], [42.34893878497495], [42.34893878497495], [42.34893878497495], [42.34955941239793], [42.46948278114531], [43.1157009302166], [44.62683757889494], [43.14123172402397], [42.891012592008664], [42.88814685723486], [42.88583021700307], [42.699905645696674], [41.493025891995345], [42.878874230120815], [45.51143153484879]], [[49.21771464320727], [47.63457616501989], [50.07507949872147], [51.49999823641027], [51.14067997822414], [51.877235484388635], [52.15327824989918], [52.19313494597463], [52.19994010245277], [52.18254756492886], [52.18254756492886], [52.17174412265647], [52.22356210562932], [52.65906262099233], [53.383337564995955], [55.10893518735218], [53.608047482593236], [53.0820482337035], [53.05992021911394], [53.102427997831484], [53.16654387397175], [53.11109041805211], [52.464706024486496], [51.02122203444394]], [[25.91833024077922], [22.84363567534446], [22.180856747869548], [23.560307539336566], [23.557997830466263], [23.557997830466263], [23.557997830466263], [23.029641295368286], [19.13667786562744], [23.098304282305914], [24.08401019330671], [24.257786795464977], [24.25402293072533], [24.24352347281381], [24.24352347281381], [24.24352347281381], [24.24352347281381], [24.24352347281381], [24.24352347281381], [24.24352347281381], [24.767372372357553], [25.41002629113151], [27.8526170762478], [31.923329372873514]], [[50.703521844390764], [47.576335206282906], [46.0981194060858], [44.743097562630574], [45.079004629750045], [45.38341977756282], [45.00437243678402], [44.99178405459958], [44.99190930588434], [44.991045717627216], [44.745127392030454], [44.31998619065425], [44.26511978643181], [44.26511978643181], [44.26511978643181], [44.224836887611396], [44.28792603233016], [44.21404370445877], [43.737837683751536], [42.92923745902592], [41.86362662662199], [39.26438911608034], [41.01479751498058], [42.98183140405258]], [[54.54861649824782], [56.80429991469119], [57.939574363552545], [57.432576361826236], [56.56987421188726], [58.001084750817256], [58.63825654341615], [59.31791812014664], [59.689781292257635], [59.77402754742172], [60.172668110653895], [60.608431937266204], [60.23626446029573], [60.59751527042641], [60.889171381153524], [61.546207237719635], [63.31986826214305], [61.85221412245445], [61.76003573837592], [61.76548300322309], [61.77519059672257], [62.640354011936374], [61.63710708404691], [59.82794486435167]], [[53.77384579234734], [51.88126111351924], [50.93769253651738], [50.0839354561427], [49.77964565858879], [49.77441535891628], [49.553097216181165], [49.79635882075542], [49.79973727580855], [49.797514832316544], [49.79754868316604], [49.797005394178086], [50.061542615826944], [49.27515492347102], [48.65133381613938], [47.73985153042227], [45.73169386462495], [47.50580237838461], [47.88956512212362], [47.86994215111544], [47.83805781894077], [47.92453972552061], [48.94641140693999], [51.687469779716956]], [[34.96067477953078], [32.12180978488318], [30.7140383220197], [29.724148250751725], [29.70815335826466], [29.70815335826466], [29.70815335826466], [29.616695068249996], [28.916424843023094], [27.973197003257226], [26.713986609619134], [25.64971196482476], [24.998093721318206], [24.87827413012706], [24.87827413012706], [24.87827413012706], [24.87827413012706], [24.816772332290757], [24.729112745079096], [24.19984928524093], [23.114643614966347], [19.873278948891308], [21.99912227505219], [24.586171259807]], [[63.12573382000204], [60.64230816489015], [61.61039190722857], [60.46802707048506], [59.89424360452188], [59.87823228561272], [59.74225408508701], [59.88342899086212], [59.88342899086212], [59.903234887378076], [59.89760245733811], [59.90151367041603], [59.89852573801172], [59.88562771289311], [59.52345715128523], [58.94738039586933], [58.280531302323], [57.004248746649004], [54.28156887929123], [56.52330396849782], [57.195938524110666], [57.06457440809002], [57.94894523219206], [60.57050634940236]], [[34.997061232288935], [32.17639893109611], [30.78885924155825], [30.193689350019902], [31.220657757175886], [31.25035570437929], [31.225385460304786], [30.077412566713484], [31.22219737471332], [31.345831285173276], [31.345831285173276], [31.345831285173276], [31.345831285173276], [31.345831285173276], [31.345831285173276], [31.345831285173276], [31.345831285173276], [31.345831285173276], [31.345831285173276], [31.36836647423805], [31.767026917256377], [33.296894869263205], [31.19753053758118], [29.033403856008217]]], "inertia_": 55.89956324867428,