{"hyper_params": {"dtw_inertia": false, "init": "k-means++", "max_iter": 50, "max_iter_barycenter": 100, "metric": "dtw", "metric_params": null, "n_clusters": 15, "n_init": 1, "n_jobs": null, "random_state": null, "tol": 1e-06, "verbose": 0}, "model_params": {"cluster_centers_": [[[2181.2686885274884], [1944.7891325286], [1884.7802153328846], [1890.8373594450054], [1900.0223019744903], [1845.7910193512655], [1494.1066749810275], [1864.9841961807522], [1953.8801523494858], [1964.1370961209143], [1959.4779294758623], [1959.4779294758623], [1959.4779294758628], [1959.4779294758628], [1959.4779294758641], [1959.4779294758623], [1959.4779294758634], [1959.4779294758634], [1959.786139100447], [1969.7074204333392], [1963.674683511269], [1924.5667650362072], [2113.6804486775095], [2438.099140250476]], [[3000.868136229231], [3159.9964219699614], [3001.9013720896273], [2998.485249514638], [2998.39861158083], [2998.3986115808307], [2998.3986115808307], [2998.3986115808307], [2998.3986115808307], [2998.398611580832], [2998.39861158083], [2998.3986115808293], [2998.39861158083], [2998.3986115808307], [2998.3986115808307], [2998.3986115808307], [2998.3986115808307], [2998.3986115808307], [2997.906047788537], [2931.5170627790385], [2996.2759997407907], [2997.655668998725], [2994.684703432371], [3012.32564515784]], [[2915.7526708972373], [2271.048462287374], [2500.520779463864], [2675.2731328141663], [2507.741735430934], [2497.354856799524], [2497.1219684374514], [2497.436805523443], [2497.7510320846045], [2498.1286904330445], [2498.554591819147], [2498.5545918191474], [2498.554591819147], [2498.5545918191465], [2498.5545918191465], [2498.554591819147], [2498.554591819147], [2498.554591819147], [2498.5854094277456], [2498.500821777774], [2440.060757793149], [2486.8287327935222], [2476.141979827968], [2494.6054116805126]], [[2919.5807444835673], [3007.0832850129177], [3046.749681085257], [3722.7327750231757], [6411.068812332892], [6876.29919589826], [6876.29919589826], [6876.29919589826], [6876.29919589826], [6876.29919589826], [6876.29919589826], [6876.29919589826], [6876.29919589826], [6876.29919589826], [6876.29919589826], [6176.629203092947], [4534.414913633551], [3838.675206434278], [3294.1785572915505], [3020.253924859639], [2999.9999999999995], [2999.999999999999], [3000.0000000000036], [3000.0]], [[2990.3603566091037], [2538.9915238909184], [2675.3421307392673], [2769.65606387459], [2656.7726337601034], [2507.960118935801], [2261.6352327762293], [2020.733486023158], [1852.5845578311698], [1984.0609062832898], [1988.8950243018535], [1988.9992305771357], [1988.969084424946], [1988.9423465714867], [1989.0667324603821], [1989.0667324603826], [1989.066732460383], [1989.0667324603833], [1989.04063398181], [1988.9367222811263], [1990.7844862334468], [1898.9316855967643], [2021.4792660981002], [1579.7063155374296]], [[1396.8444250679547], [1929.9826045906023], [1900.9290646529375], [1840.0956005461887], [1929.6495623312437], [1939.0996059928223], [1939.099605992822], [1939.099605992822], [1939.1040587488396], [1939.1075684984646], [1939.1106952460107], [1939.1130628315113], [1937.1635699549342], [1959.361153222739], [2110.724436933364], [2421.6774848954483], [2733.1753093487473], [2969.886460741113], [3297.0301806094026], [3017.5717767038154], [3002.661850733997], [3047.240192777086], [3036.676737400679], [2914.7332138818942]], [[2419.9725018916724], [2972.385616635623], [3092.1013246483835], [3102.586254665134], [3194.934849192183], [3194.9348491921833], [3255.1263113513583], [3194.9166654195055], [3194.916665419507], [3194.9166654195083], [3194.916665419511], [3194.916665419511], [3142.3341437371196], [3166.782571158727], [3222.222274834895], [3222.222274834899], [3777.7136266499588], [5068.932599896994], [5971.149490817435], [6636.475623065491], [6680.839442609632], [6754.732014125375], [6754.73201412537], [6941.868373236279]], [[6273.031157539839], [3978.3054277936935], [3661.4589951666676], [3661.4589951666676], [3000.8119453851923], [3000.8119453851923], [2550.4327871875194], [3273.188526501425], [3367.1354498658193], [3367.1354498658193], [3367.1354498658193], [3367.1354498658193], [3367.1354498658193], [3367.1354498658193], [3367.1354498658193], [3367.1354498658193], [3367.1354498658193], [3367.1354498658193], [3367.1354498658193], [3367.1354498658193], [3367.1354498658193], [3444.3430126644043], [4016.9557294788156], [4943.887800874323]], [[2914.9242572506478], [2589.145419740847], [2539.7901402718076], [2523.730257349366], [2393.960034159219], [1992.9648620400383], [2438.3397599669415], [2576.599983003048], [2701.9581009187004], [2959.9268631324035], [3001.4703643728967], [2998.4603216509695], [2998.582007452354], [2999.160142154975], [2998.582007452354], [3003.022510053415], [3003.0225100534158], [3003.0225100534158], [3003.022510053415], [3002.9747968415013], [3002.888043943383], [3011.6659126810832], [2977.653484015373], [3121.6302413857275]], [[3989.1402818401525], [3920.1674821796755], [3913.35151794173], [3913.351517941729], [3913.35151794173], [3913.3515179417295], [3913.35151794173], [3775.990246148223], [3983.5297322183005], [3920.9272755174866], [3920.9272755174866], [3920.927275517486], [3920.927275517485], [3920.927275517485], [3920.927275517485], [3920.927275517485], [3920.927275517485], [3920.9272755174857], [3920.927275517486], [3920.9272755174884], [3920.927275517483], [3835.0539894517015], [3071.1100460145663], [3537.094906047174]], [[1117.2607904272643], [1545.6253988462022], [1689.452005991127], [1395.3654445974107], [1293.7188491482998], [1350.0463618464826], [1350.5898879152141], [1351.3078030379115], [1350.592194381584], [1350.6499083010694], [1350.6499083010694], [1350.6499083010694], [1350.6499083010694], [1343.9972997362693], [1350.5841860447342], [1460.6716566810508], [1874.0654920903735], [1502.2433425842737], [1433.4079911631768], [1434.8369445581181], [1437.2917108147988], [1354.8496915303658], [979.1341586904008], [1314.4394611174664]], [[2478.474344959734], [2982.127455276473], [2955.0686088340694], [2975.0311658008413], [2975.0311658008413], [2975.0311658008413], [2975.0311658008404], [2975.031165800841], [2975.031165800841], [2975.031165800841], [2975.031165800841], [2975.031165800841], [2975.03116580084], [2975.1527214749894], [2978.110664646124], [2969.768889366881], [3090.7235277266523], [2629.944490315869], [3376.7503710548053], [4404.45803528384], [3925.091259880826], [3508.950487378279], [3983.5823025745353], [3874.6546165251534]], [[4232.500384548414], [4372.947950357808], [3883.1317548291854], [3083.1669757766435], [2765.7756597781054], [3005.6047600290303], [3005.6047600290312], [3018.929975528361], [3006.6595921876255], [3006.659592187625], [3006.6595921876215], [3006.6595921876215], [3006.6595921876215], [3006.6595921876215], [3006.6595921876215], [3006.6595921876215], [3006.659592187622], [3006.65959218762], [3006.6595921876196], [3006.65959218762], [3001.6901697912726], [2810.4031486241656], [2055.273461373715], [2620.238755393389]], [[6333.333333333336], [6333.333333333333], [6333.333333333333], [5444.444444444443], [7000.0], [7000.0], [7000.0], [7000.0], [7000.0], [7000.0], [7000.0], [6999.99999999998], [6999.999999999994], [7000.000000000005], [7000.0], [7000.0], [7000.0], [7000.000000000005], [7000.0000000000155], [7000.000000000018], [6999.99999999998], [7000.000000000013], [6999.99999999999], [6999.999999999989]], [[7253.996054009283], [7045.365137473434], [7045.36513747344], [7045.365137473431], [7045.365137473438], [7045.365137473442], [7045.365137473442], [7045.365137473442], [7045.365137473438], [7045.365137473438], [6913.616036117661], [6398.0583656869485], [5284.345604965774], [4461.612101955001], [3413.516382376388], [2453.0700120243105], [2852.1871278739204], [2789.1390205391704], [2785.021105527699], [2902.5956789576603], [2817.4881480412487], [2817.4881480412487], [2791.0290678253436], [2339.407678456015]]], "inertia_": 1008845.8645838185,