{"hyper_params": {"dtw_inertia": false, "init": "k-means++", "max_iter": 50, "max_iter_barycenter": 100, "metric": "dtw", "metric_params": null, "n_clusters": 15, "n_init": 1, "n_jobs": null, "random_state": null, "tol": 1e-06, "verbose": 0}, "model_params": {"cluster_centers_": [[[2.9024939348683554], [5.089047462835713], [6.4640407316796145], [7.2948896762027235], [7.328483047709706], [8.496774526581737], [10.10861139857714], [11.744423538579696], [13.72872915657307], [15.258704625677206], [15.818811436148009], [16.90974690297901], [18.935111222242497], [16.898619773343334], [15.560291585387612], [15.066397839424752], [13.581951903292465], [12.935413723883743], [11.720619543449978], [9.500343109910427], [11.008421906138087], [11.094422817695557], [11.088222037606855], [12.41880240682955]], [[1.4927045078042902], [2.433047585357572], [3.0521187496727524], [3.7573020340414325], [4.251283923956774], [5.347378931443843], [5.493828138241387], [5.525541495953302], [6.654255152285121], [7.878872878065035], [9.249444298675288], [10.484176674820098], [11.978398371262857], [10.30190073746863], [9.209062837977395], [7.845227993193329], [6.436283843280731], [5.056273059394782], [4.383555611178207], [3.597822645806288], [3.3618200754707765], [3.2982870941560742], [2.6740644505813633], [1.6237401493003183]], [[27.50865338517629], [24.173633295166187], [22.776768947332055], [22.50497514996291], [22.50497514996291], [22.234764938001728], [20.816041048300264], [22.36853784486565], [22.508757816742694], [22.508757816742694], [22.52038591043688], [23.056334727829814], [25.866496264271802], [22.89551260586803], [22.743179255431144], [22.54056638486786], [21.018201001618205], [19.871170921839308], [16.447496894930577], [18.32628232344732], [18.546883172113226], [18.497174652865482], [19.009011401399732], [20.745382829364747]], [[20.24626301966612], [16.12788869197857], [18.143832096764854], [18.709508256446778], [18.91922152107628], [18.91922152107628], [18.91922152107628], [18.91922152107628], [18.91922152107628], [19.35618238636642], [21.37905391624629], [19.055483821563882], [18.424755366022072], [18.438435622772857], [17.933649880815246], [16.550192110847416], [15.22267653252466], [13.244308947281183], [11.15840927232855], [10.202723090834047], [9.446193414804062], [7.570656102526861], [5.146189194842548], [6.692634899150953]], [[7.407324994626256], [9.517516311059644], [10.842938778820999], [11.12197706275306], [11.12197706275306], [11.124187321935347], [11.622408489539383], [13.067018996859163], [14.584307329161255], [15.826655510995929], [17.274737711125947], [19.445152543323545], [17.002320153964536], [14.801998582835191], [12.405525474694088], [10.305226813536938], [9.928868325245498], [8.675023524616032], [7.665217775105128], [7.626393775309777], [6.9232495147720625], [6.5216432458861675], [5.605143528162136], [3.770830197742355]], [[3.204804569909914], [7.6412722209558925], [9.625465762213828], [10.389344586319295], [12.417566399414065], [13.275540996589156], [15.866470345782318], [18.241659623544017], [19.098874177062616], [20.644551545139585], [20.95078130774035], [21.512062210652868], [21.512062210652868], [21.578381158972515], [23.233301142691786], [21.587785126122814], [21.47425918008702], [21.47425918008702], [20.468845893513016], [21.34082186019401], [21.50015676715803], [23.27785561310691], [26.39007277537646], [23.344519648239093]], [[13.99023544593793], [12.393405931685056], [11.15592177214348], [10.949900556454464], [10.928567165292236], [10.12690622780846], [9.339248231449629], [8.11929113955368], [9.30660410541765], [9.367912331755422], [9.367912331755422], [9.473301151117083], [10.890323973130466], [9.324094696518022], [9.305321389217802], [9.296792043133644], [8.598699724637369], [7.713272566096787], [7.224750078307047], [5.940595807129715], [7.329172713867014], [6.628801766758597], [5.238882889964366], [2.9917984771653012]], [[1.678131206980206], [3.3685188292510517], [3.9643559450565364], [4.673904964527863], [5.55726036705752], [7.133564206387565], [7.625324704772441], [9.826667753786781], [12.010967140469774], [13.825804763756475], [15.355598855446882], [17.329881491474925], [14.766381118123812], [12.799630354503973], [10.54861479462461], [8.46489749109879], [6.964055578187081], [6.704611191783156], [6.70494354886079], [6.70494354886079], [6.706580974102545], [6.287101049738076], [5.088799615354605], [2.828673205243902]], [[2.51721327705277], [1.8620696438583426], [1.4226639738245588], [2.120067507235462], [2.6044442805631824], [2.769030675352576], [2.768524974231766], [2.768524974231766], [2.768524974231766], [2.768704211745454], [3.0060939115149194], [3.469335909607608], [4.032030409790783], [5.153258251210867], [3.987047584383101], [3.2663012579418473], [2.9140282399602833], [2.8543169562465205], [2.8701846666862867], [2.894697641727163], [2.73704195847764], [2.211424988646206], [1.47993259958561], [2.1643869309049415]], [[12.912588329610799], [15.487464452746865], [17.230049408380477], [16.84103192879432], [17.42392400659817], [17.959621110855746], [18.128092953834308], [18.692426090028373], [19.17075437665225], [19.664998998585535], [20.693733927721905], [22.785612795366188], [20.599513218540455], [19.49105671753876], [19.425861625849468], [19.451664442833163], [19.382493004048417], [18.1998082987708], [17.950764510754503], [17.73616537785723], [17.891757737860843], [17.371950415680974], [15.83282604092455], [13.600268020673312]], [[3.4870647536224197], [6.203844826337165], [7.737916866487153], [8.497949837944569], [9.612163176302468], [10.790348152085867], [9.622038671955398], [9.564854950828547], [9.563682098128025], [9.568369536807712], [9.56606005017439], [9.56606005017439], [9.47924753297782], [8.017717457933957], [9.477939804105715], [9.52949354002063], [9.529794046326892], [9.980079763707847], [10.733345223921924], [10.87131391157199], [11.598939168825984], [12.244593111549078], [13.418394316860281], [15.944131021987127]], [[10.553279631325537], [12.74580152212415], [14.129725782700307], [14.803824761429093], [14.842465968472421], [14.842465968472421], [14.842465968472421], [14.842465968472421], [14.849221642923268], [14.842349325451735], [14.842349325451735], [15.18183424359962], [16.81632148835404], [19.60416451527998], [16.649047042486252], [14.811837817245802], [13.525557026996266], [12.136612895280567], [10.84629566071136], [8.987863299990943], [10.039690480327756], [9.98896282840369], [10.181706590304689], [11.790578252238669]], [[6.466569538772709], [7.948623863580952], [8.63115305768454], [8.737203557725527], [8.733983002490321], [8.727777753351228], [8.869796931375026], [9.887029745104758], [12.051409373189292], [9.76169492121206], [8.59919641185564], [7.793759304451321], [7.038922781937734], [6.664403780084639], [6.655414041858251], [6.6001958463289485], [5.699635494389075], [6.013402133057459], [5.285203289104917], [5.2012862933343955], [5.039404249860123], [4.006455949688018], [2.4502381036967313], [2.843135392845899]], [[1.6395282731799812], [2.4466085707702], [3.2444388503547024], [3.2188307599399915], [3.2064568707545456], [3.212862689188263], [3.4054105283505383], [4.0464060871723015], [4.9424825684381135], [5.217181853212033], [5.979370692688517], [6.387405585727532], [7.00129677054616], [8.176937343077107], [6.965609532985361], [6.402587776379045], [6.337170168752222], [6.325390921292585], [5.889590919024924], [5.175024992820116], [4.586412620542759], [3.7551902614642754], [2.878304912318159], [1.8497162861068648]], [[2.100720099049884], [3.5099421094067482], [4.767991993479854], [4.548193919509764], [4.317501087915995], [4.9550315855932086], [4.9691128802692255], [4.9711294426126775], [4.9711294426126775], [4.9711294426126775], [4.9711294426126775], [5.029753876491537], [5.535232153802287], [6.188209154480948], [6.7209450979036545], [7.715222292028436], [7.965503089359644], [8.537200819277137], [9.41410683994865], [11.401591942797923], [9.71930393371182], [8.934526526742328], [8.098652963464009], 