{"hyper_params": {"dtw_inertia": false, "init": "k-means++", "max_iter": 50, "max_iter_barycenter": 100, "metric": "dtw", "metric_params": null, "n_clusters": 15, "n_init": 1, "n_jobs": null, "random_state": null, "tol": 1e-06, "verbose": 0}, "model_params": {"cluster_centers_": [[[57.13494936206074], [61.17346434296567], [63.38540251706588], [64.28237643002677], [65.86779098525642], [67.78356311464808], [70.54757116096576], [73.0488087301813], [74.12948345420742], [75.72828696264817], [77.61453517844888], [80.74951050321943], [77.41780685454535], [75.51296963199734], [74.29929361248716], [72.81345047338341], [71.89524989536065], [70.30014726688808], [69.3942635588632], [69.1241042992711], [68.33574377230907], [67.4807293363288], [65.9521970394342], [62.63519362719838]], [[44.26422036150516], [46.85664271894313], [48.33527635713216], [48.74566777972383], [49.109899662407265], [50.49944048967308], [52.655745383550396], [54.742834889674384], [56.292060156032456], [57.1625516152379], [58.536142782903546], [61.26096430848927], [58.60603116268756], [57.26311067085235], [57.205544579892525], [56.70512144281754], [55.765714527886004], [54.30957011872102], [52.704354178776306], [51.13837124074688], [50.16748164171023], [49.772998588301306], [48.383533503036205], [45.45199593460725]], [[65.78734047888233], [69.18060348954492], [71.1827047794235], [72.63486448565556], [73.81569521201064], [74.08496980584653], [74.43132353998679], [74.43132353998679], [74.43132353998679], [74.95258184640473], [76.10873694648363], [78.10699899973766], [81.72413949667664], [78.21093567398152], [76.28747948161693], [75.12666487914385], [74.82469490612714], [74.76940180656025], [74.07769496410339], [73.34220428899627], [72.62408640657713], [71.47971022964697], [69.87713278728629], [66.84966863352473]], [[75.32133404473875], [78.92138369233047], [80.64226679893318], [81.69813042430064], [82.81518636161447], [84.36778663149772], [85.63294981169142], [86.70242026113401], [87.78122445092018], [89.62648729233665], [93.77525229861476], [89.64935777708111], [87.76655823247664], [86.74225042999593], [86.36943223797607], [86.19308044369721], [85.18630850351529], [85.0478455437519], [84.13320564431008], [84.11034616809407], [83.4939649347869], [82.3763259690336], [80.81447019247054], [77.91051899366259]], [[57.03919875841874], [55.22134271471483], [57.83522145675761], [58.90698591557353], [59.06834007498283], [59.043100785242025], [59.01983468943873], [59.01907610457668], [59.25360281930584], [60.18900386950826], [62.2857347706166], [59.85812907598776], [58.77900946831392], [58.26516102272241], [58.22970598948593], [58.22970598948593], [58.22970598948593], [58.22970598948593], [58.22970598948593], [58.22997871210436], [57.85520752257216], [57.09171576395003], [55.84702383534708], [53.41808890090167]], [[47.84500215433977], [45.45433891973693], [47.467077139141715], [48.2537670133516], [48.411097235556156], [48.40690250648598], [48.404696836212665], [48.40372309758729], [48.454218128846016], [49.291227768331375], [51.45933022458715], [49.33799752380613], [48.586199390746636], [48.515494066807214], [48.5144683382896], [48.514283042020274], [48.51415611564621], [48.51565913430909], [48.52364492452401], [48.53169800219396], [48.542341981352266], [48.295659316601274], [47.387222539051464], [45.78023402353312]], [[34.32817957526586], [37.369556697293646], [38.74704937735941], [38.773357911730464], [38.77300297149055], [39.276982399087366], [41.34724860127205], [44.485803719546915], [47.19442425629105], [50.402723516559014], [52.839831094977434], [55.10476217235248], [58.97484889875089], [55.752712895684375], [53.781845021427266], [52.365920950613706], [51.99708257684747], [51.99675095748644], [51.99675095748644], [51.99675095748644], [51.90964510323713], [50.48020897151067], [48.21138410890007], [43.608213857106016]], [[35.758465924379436], [39.45820854114726], [42.582793053643464], [40.75824234336403], [40.64792848542782], [40.64495269858063], [40.64495269858063], [40.64208357676596], [40.64978894285711], [40.71066116207847], [41.95053518240002], [45.26246172578692], [42.48626037253507], [41.52165259551584], [41.41517000241145], [41.41517000241145], [41.424918596642456], [41.42678181766326], [41.4321094806142], [41.435469585002785], [41.44778588835269], [41.057584058465274], [39.36953035078598], [34.87083248842022]], [[53.62431324048861], [57.31318530918353], [59.25821621199961], [61.40730606402265], [62.69793130802678], [63.007591091513206], [65.48353944192063], [66.78763156590263], [68.58351263464766], [68.93570375691934], [70.8048499327782], [73.65796925335673], [71.01421540789303], [69.45086633816443], [67.8397486003355], [66.24023733579028], [65.43931534337992], [64.02898942313854], [63.57730356100814], [63.577370583502386], [63.57665500233215], [62.72396885267228], [61.18037877953569], [58.011956173618096]], [[51.61486574370903], [54.44431372873068], [56.03265917618217], [57.42478376856494], [57.645208677269544], [58.74258272358467], [59.830331684121056], [61.23937119875131], [62.86129819743339], [63.05653999158367], [63.3796085279119], [64.8697480419294], [67.6625076473326], [64.86217588511377], [63.41806300444768], [62.411414154957626], [62.27324885201647], [62.272219176484], [62.27222137977447], [61.826073855239315], [60.633097348702705], [59.28546428535723], [57.305377267114594], [53.55988740910474]], [[51.185042499309766], [53.514013086472914], [53.23274841054727], [54.41213928061672], [54.92636300451094], [54.96249840475873], [54.96249840475873], [54.96249840475873], [54.96332410142862], [55.06928691857219], [56.156906032735975], [58.576778425808975], [56.12016354853726], [54.96160045335785], [54.111747426402616], [53.67946898285537], [53.66324112889065], [53.66038873844609], [53.666592964817525], [53.64595848771505], [53.07740694048307], [52.09133612549484], [50.572025930904935], [46.98367557587925]], [[42.24493516771108], [46.02849182016307], [48.06734026351854], [49.06960475010811], [50.355161013949655], [50.87016062412729], [52.49013307374322], [54.960834399463074], [56.44506412227138], [58.352368738898505], [60.737470336633216], [64.79046300047837], [61.01626531994396], [59.17816192909009], [58.381352280040616], [58.071726224389764], [57.74689210980156], [57.746575384396195], [57.74958085049477], [57.75324688718991], [57.69202814312624], [56.78311258376287], [55.3923775433747], [52.580623863940936]], [[44.8247907138082], [43.22362861497175], [46.1477521544224], [47.242980390474266], [47.83494382977134], [47.9935719445678], [47.9935719445678], [48.024019218057866], [48.02456759127112], [48.033314857520764], [48.42347338302701], [50.02116815988366], [53.543138315657394], [50.088987055206196], [48.25327689694605], [47.41807597767011], [47.41807597767011], [47.21702590930729], [45.62155167657175], [44.25814012496868], [43.28339485609002], [41.96283678073127], [39.95650202870234], [36.77296019043156]], [[69.58831588137731], [73.76174112884927], [75.83057109809182], [77.47278927032578], [78.71038902364393], [80.1069961806134], [81.53267850457505], [81.9470105355217], [81.968696273365], [82.99215016214215], [84.70666264263502], [87.747465094528], [84.66361279513525], [83.00621534613474], [81.88746148220712], [81.72692217628004], [81.21909525175086], [80.31971364437538], [80.27834351961593], [79.25397976985587], [78.02055267173571], [76.75554080569935], [75.1423698324359], [72.19413824124882]], [[62.52876926320382], [62.29060370265836], [61.64485191369627], [63.684822987276156], [64.65696433853695], [65.16271158870741], [65.18494191732329], [65.18326450334479], [65.19850056876727], [65.82213607298591], [67.283301880754], [70.43272033653065], [67.3733322448411], [65.93067229527958], [65.11336934674688], [64.82323617137261], [64.50462705531045], [64.49774172768032], [64.50414482745435], [64.5178978687202], [64.21462139992333], [63.033221825395934], [60.693849589682216], [61.257144262990984]]], "inertia_": 72.98785645935288,